[{
    "name": "Java编程思想（第4版）",
    "price": "99.4",
    "src": "1.jpg",
    "press": "机械工业出版社",
    "discuss": "11万+条评价"
}, {
    "name": "深入理解计算机系统",
    "price": "127.9",
    "src": "2.jpg",
    "press": "机械工业出版社",
    "discuss": "3万+条评价"
}, {
    "name": "算法导论",
    "price": "117.8",
    "src": "3.jpg",
    "press": "机械工业出版社",
    "discuss": "11万+条评价"
}, {
    "name": "复盘",
    "price": "48.7",
    "src": "4.jpg",
    "press": "机械工业出版社",
    "discuss": "4.2万+条评价"
}, {
    "name": "TCP/IP详解",
    "price": "222.600",
    "src": "5.jpg",
    "press": "机械工业出版社",
    "discuss": "2.8万+条评价"
}, {
    "name": "Python学习手册",
    "price": "201.50",
    "src": "6.jpg",
    "press": "机械工业出版社",
    "discuss": "1.2万+条评价"
}, {
    "name": "机器学习实战",
    "price": "109.50",
    "src": "7.jpg",
    "press": "机械工业出版社",
    "discuss": "8200+条评价"
}, {
    "name": "JavaScript权威指南",
    "price": "127.90",
    "src": "8.jpg",
    "press": "机械工业出版社",
    "discuss": "2.2万+条评价"
}, {
    "name": "编译原理",
    "price": "81.90",
    "src": "9.jpg",
    "press": "机械工业出版社",
    "discuss": "1.1万+条评价"
}, {
    "name": "设计模式",
    "price": "32.20",
    "src": "10.jpg",
    "press": "机械工业出版社",
    "discuss": "1.4万+条评价"
}]